-- phpMyAdmin SQL Dump
-- version 5.2.1
-- https://www.phpmyadmin.net/
--
-- Host: 127.0.0.1
-- Generation Time: Dec 11, 2024 at 08:21 PM
-- Server version: 10.4.32-MariaDB
-- PHP Version: 8.2.12

SET SQL_MODE = "NO_AUTO_VALUE_ON_ZERO";
START TRANSACTION;
SET time_zone = "+00:00";


/*!40101 SET @OLD_CHARACTER_SET_CLIENT=@@CHARACTER_SET_CLIENT */;
/*!40101 SET @OLD_CHARACTER_SET_RESULTS=@@CHARACTER_SET_RESULTS */;
/*!40101 SET @OLD_COLLATION_CONNECTION=@@COLLATION_CONNECTION */;
/*!40101 SET NAMES utf8mb4 */;

--
-- Database: `php_course_blog`
--

-- --------------------------------------------------------

--
-- Table structure for table `categories`
--

CREATE TABLE `categories` (
  `id` int(11) NOT NULL,
  `title` varchar(255) NOT NULL,
  `count` varchar(255) NOT NULL DEFAULT 'count',
  `time` datetime NOT NULL DEFAULT current_timestamp()
) ENGINE=InnoDB DEFAULT CHARSET=utf8mb4 COLLATE=utf8mb4_unicode_ci;

--
-- Dumping data for table `categories`
--

INSERT INTO `categories` (`id`, `title`, `count`, `time`) VALUES
(4, 'طراحی&zwnj;وب', 'count', '2024-10-26 22:13:49'),
(15, 'هوش&zwnj;مصنوعی', 'count', '2024-12-11 22:05:36'),
(16, 'کسب‌وکار', 'count', '2024-12-11 22:21:40');

-- --------------------------------------------------------

--
-- Table structure for table `comments`
--

CREATE TABLE `comments` (
  `id` int(11) NOT NULL,
  `name` varchar(255) NOT NULL,
  `comment` varchar(255) NOT NULL,
  `post_id` int(11) NOT NULL,
  `status` tinyint(1) NOT NULL DEFAULT 0,
  `count` varchar(255) NOT NULL DEFAULT 'count',
  `time` datetime NOT NULL DEFAULT current_timestamp()
) ENGINE=InnoDB DEFAULT CHARSET=utf8mb4 COLLATE=utf8mb4_unicode_ci;

-- --------------------------------------------------------

--
-- Table structure for table `die`
--

CREATE TABLE `die` (
  `id` int(255) NOT NULL,
  `situation` int(255) NOT NULL DEFAULT 1
) ENGINE=InnoDB DEFAULT CHARSET=utf8mb4 COLLATE=utf8mb4_unicode_ci;

--
-- Dumping data for table `die`
--

INSERT INTO `die` (`id`, `situation`) VALUES
(1, 1);

-- --------------------------------------------------------

--
-- Table structure for table `logs`
--

CREATE TABLE `logs` (
  `id` int(255) NOT NULL,
  `IP` varchar(255) NOT NULL,
  `situation` varchar(255) NOT NULL,
  `email` varchar(255) NOT NULL,
  `password` varchar(255) NOT NULL,
  `login_time` datetime NOT NULL DEFAULT current_timestamp(),
  `count` varchar(255) NOT NULL DEFAULT 'count'
) ENGINE=InnoDB DEFAULT CHARSET=utf8mb4 COLLATE=utf8mb4_unicode_ci;

--
-- Dumping data for table `logs`
--

INSERT INTO `logs` (`id`, `IP`, `situation`, `email`, `password`, `login_time`, `count`) VALUES
(57, '::1', 'موفق', 'lainadjamshidi8877@gmail.com', 'danial889977-=8', '2024-12-11 21:41:03', 'count');

-- --------------------------------------------------------

--
-- Table structure for table `posts`
--

CREATE TABLE `posts` (
  `id` int(11) NOT NULL,
  `title` varchar(255) NOT NULL,
  `body` text NOT NULL,
  `category_id` int(11) NOT NULL,
  `author` varchar(255) NOT NULL,
  `image` varchar(255) NOT NULL,
  `count` varchar(255) NOT NULL DEFAULT 'count',
  `time` datetime NOT NULL DEFAULT current_timestamp()
) ENGINE=InnoDB DEFAULT CHARSET=utf8mb4 COLLATE=utf8mb4_unicode_ci;

--
-- Dumping data for table `posts`
--

INSERT INTO `posts` (`id`, `title`, `body`, `category_id`, `author`, `image`, `count`, `time`) VALUES
(22, 'توسعه دهند وب (Web Developer)', 'فعالیت های توسعه دهند وب بسیار شبیه به طراح وب میباشد اما در عین حال با او تفاوت دارد. بر خلاف یک طراح وب، توسعه دهنده وب بیشتر به کدنویسی درست تمرکز دارد و خیلی تمرکز خود را بر زیبایی بصری قرار نمی دهد. وی بیشتر به جزئیات سایت دقت میکند و با برنامه های کدنویسی سر و کار بیشتری دارد.\r\nدر صورتی که این دو در کنار یکدیگر به فعالیت بپردازند و یا فردی هر دو قابلیت را داشته باشد، یک طراحی سایت زیبا و اصولی ارائه خواهد شد که هم از نظر بصری و هم از نظر کد و اصول دارای امتیاز میباشد.\r\nبه نظر می آید که اکثر افراد با درست بودن این ایده که طراح و توسعه دهنده سایت باید با یکدیگر کار کنند، موافق هستند. ولی بیشتر اوقات این دو جدا از هم کار میکنند در حالی که مشغول کار بر روی یک پروژه واحد هستند. طراح، عناصر، پالت های رنگ و تایپوگرافی را ایجاد میکند در حالی که توسعه دهنده کدنویسی کرده و متریال لازم برای وب سایت را آماده میکند. و این میتواند باعث بروز ناهماهنگی و ناسازگاری بین طراح و توسعه دهنده وب و نهایتاً در خود وب سایت شود.\r\nاگر طراحان و توسعه دهندگان وب از ابتدای پروژه تا پایان آن با یکدیگر کار کنند، نتیجه آن پروژه ای منسجم تر با رابط کاربری بهتر و کدهای تمیز خواهد بود. در این حالت دوباره کاری کمتر شده و پروژه در زمان کمتری تکمیل میشود.\r\n\r\nتوسعه دهندگان وب را می توان به دو گروه تقسیم کرد:\r\n\r\nتوسته دهنده Front-End: وقتی یک سایت را در مرورگر باز می کنیم هر آنچه را که می بینیم مثل چیدمان عناصر صفحه، رنگ ها، متحرک سازی های عناصر، تعاملاتی را که با صفحه داریم و غیره توسط توسعه دهنده Front-end انجام می شود. به بیان دیگر آنچه که روی کامپیوتر Client اجرا می شود Front-end محسوب می شود.\r\n\r\nتوسعه دهنده Back-End: و اما سیستمی که در پس سایت وجود دارد توسط توسعه دهندگان Back-end طراحی می شود. آن برنامه ای که روی کامپیوتر Server اجرا می شود Back-end محسوب می شود.', 4, 'دانیال جمشیدی', '1733941293_13_3_22_webDeveloper.jpg', 'count', '2024-12-11 21:51:33'),
(23, 'طراح وب (Web Design)', 'در دنیای واقعی برای تولید دنیای مجازی ! مثلا یک وب سایت اینترنتی از متخصص های مختلفی استفاده می شود که یکی از آنها طراح وب است.طراح وب بیشتر به طراحی و برنامه نویسی لایه ظاهری سایت می پردازد و برنامه نویس های دیگر به تولید کد نرم افزاری برای تولید، کنترل و پردازش محتوا که در بخش های مختلف وب سایت نمایش داده می شود مشغول هستند.\nطراح وب کسی است که با استفاده از طراحی های تصویری و زیبا تلاش دارد تا به گونه ای درست وب سایت شما را از لحاظ بصری ارتقا بخشد و طراح همیشه از کدنویسی استفاده نمی کند. اغلب طراحان وب از خلاقیت خود در زمینه ایجاد یک طراحی در وب سایت استفاده می نمایند. یک طراح وب سایت بیشتر بر زیبایی سایت و مواردی چون رنگ، تایپوگرافی، روابط اجزا و مخاطب تمرکز دارد.\nطراح وب باید ظاهر سایت را در ذهن خود تصویر سازی کرده و درک کند وب سایت مورد نظر چگونه کار خواهد کرد. طراح وب حتما به داشتن مدرک مرتبط نیازی ندارد اگرچه اغلب طراحان در انواع دیگر طراحی ها تجربه داشته و یا در طراحی وب آموزش دیده اند. شما به عنوان یک طراح وب می توانید روی انواع سایت ها از سایت های آموزشی و تبلیغاتی تا فروشگاه های اینترنتی کار کنید.\nمعمولا طراح وب سایت به صورت تمام وقت مشغول به کار است اما بسیاری از طراحان وب به صورت آزاد کاری (freelancer) کار می کنند و ساعت کاری شان  در اختیار خودشان می باشد. گاهی بنا به نیاز یک پروژه یا به دلیل بروز برخی مشکلات در سایت مشتری در خارج از ساعات کاری نیز باید فعالیت کنند.برای طراحی سایت به چه ابزاری نیاز داریم؟\nحتما با خودتان فکر می‌کنید، یک کامپیوتر خوب که با سرعت بالا همه چیز را اجرا کند و اعصاب ما را هنگام اجرای فرمان‌های مختلف به هم نریزد؟ بله، یکی از اصلی‌ترین ابزارها برای طراحی وب یک کامپیوتر خوب با سیستم عامل به روز و مناسب است. اما مهم‌تر از آن ابزار اصلی طراحی وب یا همان زبان های برنامه نویسی مختلف هستند.\n\nابزارهای طراحی سایت، معمولا با توجه به اینکه در چه پروسه‌ای از بحث طراحی وب درگیر باشند، می‌توانند کاملا از هم متفاوت باشند. این ابزارها معمولا در گذر زمان با نسخه‌هایی جدیدتر جایگزین می‌شوند تا کار طراحی سایت را راحت‌تر و مفیدتر کنند. البته تکنولوژی که پشت هر کدام از این ابزار قرار دارد، همچنان ثابت می‌ماند و فقط کارایی آن‌ها است که دستخوش تغییر می‌شود.\n\nیک طراح سایت از ابزار و تکنولوژي‌هایی مثل HTML، CSS، SASS , Bootstrap یا هر زبان و تکنولوژی دیگری مربوط به طراحی سایت استفاده کند.\n\nمیزان درآمد شغل طراحی وب سایت\nاین شغل از جمله مشاغلی است که درآمد آن کاملاً وابسته به میزان مهارت، دانش و تلاش شما است. برخی از طراحان و برنامه نویسان کارکشته در ماه ده‌ها میلیون تومان درآمد دارند و از سوی دیگر برخی از آنها درآمدهای چند صد هزارتومانی عایدشان می‌شود. اما در حالت میانگین برای افرادی که به مهارت‌های لازم دست یافته‌‌اند اما تجربه‌ی زیادی ندارند حقوق پایه‌ی وزارت کار در نظر گرفته می‌شود. اگر شما در این زمینه به تسلط خوبی برسید می‌توانید به‌صورت پروژه‌ای فعالیت نمایید، برای هر پروژه دستمزد خوبی بگیرید و شما تعین کننده‌ی دستمزد باشید.\n\nطراحان وب سایتی هستند که بعد از کسب مهارت‌های لازم به‌صورت آزادکاری جدا از شرکت‌ها با طراحی سایت ارزان و حرفه ‌ای برای خود درآمد خوبی کسب می‌نمایند.\n \n\nامنیت شغلی\nدر طراحی سایت تنها مهارت و تلاش شماست که امنیت شغلی ایجاد می‌کند. اگر مهارت خود را به‌روز نگه ندارید، از تلاش دست بردارید قطعاً افراد دیگر از شما سبقت می‌گیرند و شما کم‌کم از این رقابت شغلی باز می‌مانید.', 4, 'دانیال جمشیدی', '1733941510_12_50_57_Web-Trends1.jpg', 'count', '2024-12-11 21:55:10'),
(24, 'Web Browser (مرورگر) و Search Engine (متور جستجو)', 'مرورگر چیست؟\r\nمرورگر در واقع نرم افزاری است که شما روی سیستم عامل کامپیوتر، تلفن همراه و … نصب می کنید. با استفاده از مرورگر شما می توانید به تعداد زیادی از وب سایت ها و صفحات وب دسترسی داشته باشید. با استفاده از این پلتفرم شما URL مورد نظر خود را که برای هر وب سایت به صورت اختصاصی معین شده است، وارد نموده و به آن سایت دسترسی پیدا می کنید.گوگل کروم (Google Chrome)\r\nبی‌شک، مرورگر کروم محبوب‌ترین مرورگر حال حاضر دنیا است که میلیون‌ها نفر از آن استفاده می‌کنند. این مرورگر در بررسی‌های امسال موفق شد در برخی بنچمارک‌ها با اختلاف درخورتوجهی درمقایسه‌با رقبا، صدر جدول را دراختیار بگیرد. کروم به‌لطف بهره‌مندی از تنوع بالای اکستنشن‌ها، با اقبال عمومی مواجه شده و روزبه‌روز به کاربران آن افزوده می‌شود؛ خصوصا از این‌ نظر که گوگل به‌تازگی رابط کاربری آن را تغییر داده و شکل جذابی را به آن بخشیده است.\r\n\r\nکروم مدت‌ها است که از طراحی ساده‌ی اولیه‌ی خود فاصله گرفته؛ اما همچنان کار با آن بسیار ساده و لذت‌بخش است. باکس URL بزرگ (با نام اختصاصی OmniBar)، فضایی کوچک برای اکستنشن‌ها، تب‌ها و آیکونی ستاره‌ای برای بوکمارک‌کردن صفحه‌ها، رابط کاربری کروم را تشکیل می‌دهند؛ رابطی کاربری که درعین ساده‌بودن ظاهری مدرن دارد.\r\n\r\nمرورگر کروم عمیقا با سرویس‌های مختلف گوگل یکپارچه‌سازی شده است. به‌علاوه، کاربر می‌تواند بوکمارک‌ها، رمزهای عبور، تب‌های باز و موارد این‌چنینی را به‌سادگی در بین دستگاه‌های مختلف همگام‌سازی کند. این مرورگر مدرن درکنار ویژگی‌های یادشده، از چندین حساب کاربری هم پشتیبانی می‌کند تا هریک از اعضای خانواده بتوانند به‌سادگی با حساب کاربری خودشان و ازطریق مرورگر در فضای وب جست‌وجو کنند. \r\n\r\nگوگل کروم PDFخوان داخلی نیز دارد و شما را از دیگر اپلیکیشن‌های مشابه بی‌نیاز می‌کند. درضمن کسانی که زیاد با گوگل ترنسلیت کار می‌کنند، می‌توانند به‌سادگی اکستنشن مختص به آن را از فروشگاه کروم نصب کنند تا دیگر لازم نباشد هربار وارد آدرس Translate.Google.com بشوند. \r\n\r\nتقریبا تنها نکته‌ی منفی گوگل کروم که اتفاقا خیلی‌ها را شاکی کرده، این است که فضای زیادی از رم را اشغال می‌کند. بررسی‌های سال گذشته هم نشان داد این مرورگر همچون هیولا فضای رم را می‌بلعد؛ اما گوگل سعی کرده پس از هر به‌روزرسانی، مرورگرش را از این نظر بهینه‌تر کند.موزیلا فایرفاکس (Mozilla Firefox)\r\nبرای آن‌دسته از کاربرانی که عاشق اکستنشن‌های فراوان هستند و تمایل دارند از مرورگری امن‌تر درمقایسه‌با گوگل کروم استفاده کنند، مرورگر متن‌باز موزیلا فایرفاکس شاید بهترین انتخاب ممکن باشد. فایرفاکس مسیر را برای دیگر مرورگرها به‌منظور توسعه‌پذیرشدن هموار کرد. شایان ذکر است تنوع اکستنشن‌های فایرفاکس هم‌اکنون به گوگل کروم نمی‌رسد؛ اما رویکردی که موزیلا پیش گرفته می‌تواند نوید این را بدهد که روزی فایرفاکس بتواند از این حیث بر کروم غلبه کند.\r\n\r\nفایرفاکس نیز از ویژگی همگام‌سازی بین دستگاه‌های مختلف پشتیبانی می‌کند و به‌لطف ارائه‌ی وب‌گردی روان می‌تواند تجربه‌ی جذابی به کاربر بدهد. کاربر می‌تواند تب‌های باز، تب‌های اخیر،‌ تاریخچه‌ی جست‌وجو و حتی بوکمارک‌های خود را در بین دستگاه‌هایش همگام‌سازی کند.\r\n\r\nسال گذشته بود که موزیلا طراحی مرورگرش را با انتشار فایرفاکس کوانتوم به‌روز کرد. نتایج بررسی‌های سال گذشته نشان داد این مرورگر درمقایسه‌با نسخه‌های قبلی‌اش پیشرفت چشمگیری در همه‌ی زمینه‌ها داشته؛ اما هنوز برای غلبه بر کروم جای کار دارد. بااین‌حال، پیش‌بینی می‌شود که این مرورگر بتواند سرانجام موزیلا را به روزهای اوجش برگرداند.\r\n\r\nیکی از برتری‌های مهم‌ فایرفاکس درمقایسه‌با رقبایش در چند سال اخیر، بی‌شک به قابلیت جست‌وجوی ناشناس (Incognito Mode) برمی‌گردد. تمامی مرورگرهای دیگر نیز از قابلیتی مشابه بهره‌مند هستند و وعده‌ی وب‌گردی کاملا ناشناس را می‌دهند؛ اما بررسی‌ها نشان می‌دهد در اکثر مواقع، وبسایت‌های میزبان می‌توانند فعالیت کاربر را در حالت ناشناس نیز پایش کنند. این درحالی است که موزیلا با قراردادن مسدودکننده‌ی تبلیغات و مسدودکننده‌های ردیاب‌ها در مرورگرش، عملا این کار را برای وبسایت محال کرده است. اپرا (Opera)\r\nتا قبل از روی‌کارآمدن کروم، مرورگر اپرا یکی از بهترین‌ انتخاب‌های ممکن برای وب‌گردی روزانه بود. مدیرعامل پیشین اپرا که هم‌اکنون روی مرورگر Vivaldi کار می‌کند، در پی آن است مجددا چنین هدفی را برای خود محقق کند. امروزه، اپرا دیگر محبوبیت پیشین را ندارد و قافیه را تا حد زیادی به رقبایش باخته است.\r\n\r\nاپرا مبتنی بر همان موتور اصلی مرورگر کروم است و این، یعنی می‌تواند بسیاری از اکستنشن‌های این مرورگر را اجرا کند. گفتنی است اکستنشنی ویژه برای این مرورگر تولید شده که امکان نصب اکستنشن را از فروشگاه کروم ارائه می‌دهد.\r\n\r\nاین مرورگر به برخی ویژگی‌های غیرمعمول نظیر Turbo مجهز شده که با فشرده‌سازی صفحات وب در سرورهای اپرا، سرعت بارگذاری و پهنای باند را بهبود می‌بخشد. اپرا ویژگی امنیتی جالبی به نام «برجسته‌سازی دامنه» دارد که قسمت بزرگی از دامنه را مخفی می‌کند تا کاربر بتواند به‌سادگی بفهمد در آن لحظه، در چه سایتی قرار دارد. \r\n\r\nاپرا همچنین از نوار کناری کاربردی بهره‌مند است که گزینه‌های مختلفی در آن گنجانده شده و کاربر می‌تواند به‌سادگی به آن‌ها دسترسی پیدا کند. در این نوار کناری، سرویس‌هایی نظیر واتس‌اپ و فیسبوک مسنجر و تلگرام دردسترس هستند. اپرا نیز همچون کروم و فایرفاکس از قابلیت همگام‌سازی بین دستگاه‌های مختلف پشتیبانی می‌کند.مایکروسافت اج (Microsoft Edge)\r\nاج مرورگری نوپا به‌شمار می‌آید که مایکروسافت با تبلیغات بسیار، آن را برای ویندوز جدید خود منتشر کرد. این مرورگر هنوز جای کار دارد؛ اما می‌تواند عملکرد واقعا خوبی از خود به‌جای بگذارد. تعداد اکستنشن‌های اج به‌مرور در‌حال‌رشد است؛ اما هم‌اکنون تنوع بسیار کمی در این زمینه دیده می‌شود.\r\n\r\nویژگی همگام‌سازی اج فقط به سایت‌های محبوب و فهرست مطالعه محدود می‌شود و برخلاف دیگر مرورگرها، با آن سرعت و نظمی که انتظارش را داریم، به‌روزرسانی جدید دریافت نمی‌کند. تمامی این‌ها دست‌به‌دست هم داده‌اند تا نتوانیم جدیدترین جاه‌طلبی مایکروسافت را در بازار مرورگرها، مرورگری عالی به‌شمار بیاوریم. حتی اخیرا شایعاتی در فضای مجازی منتشر شده که مایکروسافت قصد دارد این مرورگر را کنار بگذارد.\r\n\r\nموتور جستجوگر چیست؟\r\nموتور جستجوگر نیز مانند یک نرم افزار است که بر خلاف موتور جستجوگر بر روی سیستم عامل شما نصب نمی شود بلکه روی اینترنت نصب می شود.  بر اساس کلمه کلیدی که وارد آن شده است، تعدادی نتیجه را به شما نشان می دهد. برای انجام این کار موتور جسنجوگر وظیفه دارد تا دقیقا کلمه وارد شده را با فایل های متنوعی که در اینترنت وجود دارند تطابق دهد و سپس تعدای را پیشنهاد دهد.', 4, 'دانیال جمشیدی', '1733941622_13_23_56_browse.jpg', 'count', '2024-12-11 21:57:02'),
(25, 'اینترنت, ISP, سرور, هاست و دامنه, چیست و چگونه کار می‌کند؟', 'اینترنت چیست؟\r\nاینترنت به زبان ساده\r\nاينترنت مجموعه‌اي جهاني از شبكه‌هاي بزرگ و كوچك است كه به هم پيوسته‌اند و نام اينترنت (شبكه‌هاي در هم تنيده) از همين مجموعه گرفته شده است. به عبارتی بهتر صحبت از شبکه ای است که كارش را سال ۱۹۶۹ با چهار هسته يا سيستم كامپيوتري ميزبان آغاز كرد و بعدها به شدت گسترش یافت؛ شبکه‌ای است که به هيچ فرد، نهاد یا کشوری تعلق ندارد.\r\n\r\nبرای اتصال به اینترنت نیازمند چه ابزارهایی می باشیم:\r\n\r\n    یک دستگاه رایانه مناسب\r\n  یک دستگاه مودم و یا کارت شبکه در شبکه های محلی کاربرد دارد.\r\n یک رشته خط تلفن جهت اتصال به مودم که در صورت استفاده از کارت شکبه در شبکه های محلی مورد نیاز نبوده و در چنین مواردی از طریق رسانه های شبکه ( کابل شبکه و یا بی سیم و ... ) انجام می گردد\r\n داشتن کلمه کاربری و رمز عبور برای ورود به اینترنت که عموما با کارتهای اینترنتی از طریق یک ISP مناسب تهیه می گردد.\r\n  نصب یک نرم افزار مناسب مرورگر اینترنت\r\nISP چیست؟\r\nISP برگرفته از كلمه Internet Service Provider یعنی شركت خدمات سرویس های اینترنت است. این شرکت ها علاوه بر نگهداری و پشتیبانی از یک خط مستقیم به اینترنت ، فعالیت های متعدد دیگری نظیر نگهداری و پشتیانی از سرویس دهندگان وب را نیز انجام می دهند .\r\n\r\nسرور چیست؟\r\nسرور یک کامپیوتر همیشه روشن و همیشه در دسترس است، زمانی که این دسترسی تنها در محدوده یک شبکه داخلی باشد، آن را سرور تحت شبکه می نامیم و به این معنا خواهد بود که تمامی کامپیوتر های موجود در این شبکه از این کامپیوتر فرمان می گیرند و نیازهای تحت شبکه خود را به کمک آن تامین می کنند و سرور نقش آنها را در شبکه تعیین می نماید، حال اگر گستره این شبکه را کمی بیشتر نمائیم، و آن را متشکل از تمام کامپیوتر هایی که از طریق اینترنت به هم وصل شده اند بدانیم، با گروه بسیار بزرگی از کامپیوتر های همیشه روشن و همیشه در دسترس از طریق اینترنت روبرو هستیم که به آنها سرور های اینترنتی گفته می شود و وظیفه دارند تا اطلاعاتی که در هر زمان از شبانه روز، بر روی پهنای اینترنت جستجو می کنید را برای ملاحظه شما در اختیار قرار دهند. بنابراین به دو دسته بندی کلی دست می یابیم: \r\nسرور ( server ) : کامیپوتری که سرویس می دهد. \r\nکلاینت ( Client ) : کامپیوتری که سرویس می گیرد.\r\n\r\n هاست چیست؟\r\nهاست (به زبان انگلیسی Host) به معنی میزبان است و به محیط مجازی اطلاق می شود که بر روی یک سرور برای یک سایت تدارک دیده شده است,ممکن است بر روی یک سرور ۱ یا ۱۰ و یا ۵۰۰ سایت و حتی بیشتر میزبانی شود و تعداد سایت های روی یک سرور به قدرت پردازنده و رم و فضای سرور و همچنین میزان استفاده وبسایت ها از این منابع بستگی دارد. این سرور نیاز به یک برنامه مدیریتی دارد که هر کابر(مدیر سایت) به صورت مجزا بتواند وب سایت خود را مدیریت کند که به صورت کلی شامل فضای وب سایت(هارد) , پایگاه داده و ایمیل می باشد و برای سرورهایی که از سیستم عامل لینوکس استفاده می کنند cPanel یکی از محبوب ترین نرم افزار های شناخته شده در این زمینه می باشد که امکانات فوق العاده ای به کاربر می دهد. تمامی فایل های یک وب سایت اعم از فایل های اسکریپتی یا چند رسانه ای و ... بر روی فضای هاست قرار میگید که مدیر وب سایت می تواند برای انتقال فایل ها از File Manager در داخل cPanel و یا نرم افزار FTP استفاده کند, این نرم افزار ها با پروتکل FTP و معمولا با پورت ۲۱ به سرور وصل می شوند و کاربرمی تواند فایل های مشخص شده را انتقال دهد.\r\n\r\n هاست اشتراکی چیست؟\r\nزمانی که چند وب سایت بر روی یک سرور یا سرور مجازی قرار میگیرند از اصطلاح هاست اشتراکی استفاده می کنیم بدین معنی که منابع سرور فقط در اختیار یک سایت نیست و بین چند سایت مشترک هست و یکی از مسائل مهم در خصوص هاست اشتراکی مسئله امنیت آن می باشد که متاسفانه در خیلی از سرور ها به آن اهمیت داده نمی شود,مدیر سرور باید با استفاده از نرم افزار های امنیتی و کانفیگ حرفه ای فضای سرور را امن کند.\r\n\r\n دامنه چیست؟\r\nمنظور از دامنه یا دامین (به انگلیسی domain)، همان آدرس اینترنتی است. بله! همان آدرس‌هایی که برای باز کردن یک سایت در اینترنت وارد می‌کنید. برای مثال، آدرس اینترنتی سایت گوگل، www.google.com است و آدرس اینترنتی سایت ما هم www.webprog.ir\r\n\r\n دامنه‌ها شامل دو بخش اصلی هستند\r\n۱- نام دامنه: این اسمی است که شما برای سایت خودتان انتخاب می‌کنید. برای انتخاب اسم، شما هیچ محدودیتی ندارید. تنها مساله این است که اسم شما باید سرهم باشد. البته شما می‌توانید کلمات را با خط فاصله (-) از هم جدا کنید. \r\n۲- پسوند: در اینترنت پسوندهای بسیار متنوعی برای ثبت دامنه وجود دارند. هر کدام از این پسوندها، معنایی به خصوص دارند. برای مثال، پسوند ir به معنی آن است که سایت شما ایرانی است. پسوند com مخفف commerce است و به معنای سایت تجاری است. سایر پسوندها نیز هر کدام معنایی برای خود دارند.\r\n\r\n هر دامنه‌ای، منحصر به فرد و اختصاصی است\r\nنکته دیگری که باید به آن توجه داشته باشید این است که دامنه‌ها اختصاصی هستند. برای مثال، همین آدرس webprog.ir به نام ما ثبت شده است و بنابراین ما صاحب آن محسوب می‌شویم. پس هیچ شخص دیگری نمی‌توان این ترکیب مشخص را به نام خود ثبت کند. با اینحال شاید یک آدرس مثل webprog.net خالی باشد و امکان ثبت آن وجود داشته باشد.\r\n\r\n URL چیست و چه تفاوتی با دامنه دارد؟\r\nشاید شما هم در مقالات متعدد دیده باشید که گاهاً از URL برای اشاره به آدرس یک وب سایت استفاده شده باشد و اکنون این سوال برایتان پیش آمده است که Domain با URL چه تفاوتی دارد؟ اجازه بدهید همه چیز را ساده نگه داریم و توضیحات را پیچیده نکنیم. دامنه یا دامین در واقع آدرس صفحه اصلی وب سایت شما هستند و هیچ کاراکتر و علامت اضافی در انتهای پسوند آن قرار نمی گیرد. اما URL به تمام مشتقات یک نام دامنه گفته می شود. \r\nبه عنوان مثال https://www.webprog.ir نام دامنه وب سایت است و بافی صفحات سایت ما دارای آدرس URL ای مانند https://www.webprog.ir/article یا https://www.webprog.ir/course هستند. در نهایت باید این را بدانید که هر صفحه اینترنتی دارای یک آدرس است. صفحه اصلی یک وب‌سایت فقط خود دامنه است و صفحات دیگر آن، هر کدام دارای یک URL منحصر به فرد هستند.', 4, 'دانیال جمشیدی', '1733941720_12_34_28_internet-in-simple-words.jpg', 'count', '2024-12-11 21:58:40'),
(26, 'هوش مصنوعی در اقتصاد', 'هوش مصنوعی در اقتصاد\r\nیکی از مهم‌ترین کاربردهای هوش مصنوعی در زمینهٔ تجارت، اقتصاد و کلان داده است. برای مثال، با استفاده از هوش مصنوعی می‌توان با ضریب خطای پایینی، تغییرات فصلی و بلندمدت در عرضه یا تقاضای محصولات مختلف را پیش‌بینی کرد. این موضوع می‌تواند به شدت در سیاست، اقتصاد کلان و کنترل عرضه و تقاضا مفید واقع شود. همچنین، شرکت‌هایی مانند گوگل خدماتی در زمینهٔ هوش مصنوعی به شرکت‌های بزرگ ارائه می‌دهند که می‌تواند به برنامه‌ریزی، انبارگردانی، پیش‌بینی سیر صعودی یا نزولی فروش در محصولات به خصوص و نیز برندسازی آن‌ها کمک کند.\r\n\r\nپیش ‏بینی قیمت در بازارها (مانند پیش بینی قیمت نفت با هوش مصنوعی) یکی از کاربردهای هوش مصنوعی در اقتصاد است.', 15, 'دانیال جمشیدی', '1733942351_n00009336-b.jpg', 'count', '2024-12-11 22:09:11'),
(27, 'کاربردهای هوش مصنوعی', 'کاربردهای هوش مصنوعی\r\nهوش مصنوعی کاربردهای متنوعی دارد. تعدادی از مهم‌ترین کاربردهای هوش مصنوعی شامل استفاده در وسایل نقلیه خودگردان (مثل پهپادها و اتومبیل‌های خودران)، تشخیص‌های پزشکی، خلق آثار هنری، اثبات قضیه‌های ریاضی، انجام بازی‌های فکری، تعیین هویت تصاویر(تشخیص چهره) و صداها، ذخیره انرژی، جستجوگرهای اینترنتی، تهیه قراردادها و پیش‌بینی آرای قضایی می‌شوند.', 15, 'دانیال جمشیدی', '1733942594_ima.jpg', 'count', '2024-12-11 22:13:14'),
(28, 'چگونگی استفاده هوش مصنوعی', 'هوش مصنوعی چگونه استفاده می‌شود؟\r\nبه‌طور کلی هوش مصنوعی به دو دسته زیر تفکیک می‌شود:\r\n\r\nNarrow AI یا هوش مصنوعی ضعیف: این نوع هوش مصنوعی در یک زمینه محدود عمل می‌کند و شبیه‌سازی هوش انسانی است. هوش مصنوعی ضعیف اغلب بر روی یک کار مشخص تعریف می‌شود و در محدوده تعریفش بسیار عالی عمل می‌کند. شاید این ماشین‌ها بسیار هوشمند به نظر برسند اما حقیقت این است که حتی از ابتدائی‌ترین سطوح هوش انسانی هم ساده‌تر عمل می‌کنند.\r\n\r\nArtificial General Intelligence یا هوش مصنوعی عمومی: که با عنوان هوش مصنوعی قوی هم شناخته می‌شود، نوعی از هوش مصنوعی است که بیشتر در فیلم‌ها دیده‌ایم، مانند ربات‌های فیلم Westworld. هوش مصنوعی قوی بسیار شبیه به انسان عمل می‌کند چنان‌که می‌تواند توانایی‌های خود را بر حل مسائلی در حوزه‌های مختلف به کار بگیرد.', 15, 'دانیال جمشیدی', '1733942705_images.jpg', 'count', '2024-12-11 22:15:05'),
(29, 'مدیریت پیچیدگی هوش مصنوعی', 'مدیریت پیچیدگی\r\nایجاد و ابداع فنون و تکنیک‌های لازم برای مدیریت پیچیدگی را باید به عنوان هستهٔ بنیادین تلاش‌های علمی و پژوهشی گذشته، حال و آینده در تمامی زمینه‌های علوم رایانه و به ویژه در هوش مصنوعی معرفی کرد. شیوه‌ها و تکنیک‌های هوش مصنوعی در واقع، برای حل آن دسته از مسائل به وجود آمده است که به‌طور سهل و آسان توسط برنامه‌نویسی تابعی یا شیوه‌های ریاضی قابل حلّ نبوده‌اند.\r\n\r\nدر بسیاری از موارد، با پوشانیدن و پنهان ساختن جزئیّات فاقد اهمیت است که بر پیچیدگی فائق می‌آییم و می‌توانیم بر روی بخش‌هایی از مسئله متمرکز شویم که مهم‌تر است. تلاش اصلی در واقع، ایجاد و دستیابی به لایه‌ها و ترازهای بالاتر از هوشمندی انتزاع را نشانه می‌رود تا آنجا که سرانجام، برنامه‌های رایانه‌ای درست در همان سطحی کار خواهند کرد که خود انسان‌ها رسیده‌اند.\r\n\r\nبه یاری پژوهش‌های گستردهٔ دانشمندان علوم مرتبط، هوش مصنوعی تاکنون راه بسیاری پیموده است. در این راستا، تحقیقاتی که بر روی توانایی آموختن زبان‌ها انجام گرفت و همچنین درک عمیق از احساسات، دانشمندان را در پیشبرد این دانش کمک زیادی کرده است. یکی از اهداف متخصصین، تولید ماشین‌هایی است که دارای احساسات بوده و دست کم نسبت به وجود خود و احساسات خود آگاه باشند. این ماشین باید توانایی تعمیم تجربیات قدیمی خود در شرایط مشابه جدید را داشته و به این ترتیب اقدام به گسترش دامنه دانش و تجربیاتش کند.\r\n\r\nبرای نمونه ربات هوشمندی که بتواند اعضای بدن خود را به حرکت درآورد، نسبت به این حرکت خود آگاه بوده و با آزمون و خطا، دامنه حرکت خود را گسترش می‌دهد و با هر حرکت موفقیت‌آمیز یا اشتباه، دامنه تجربیات خود را وسعت بخشیده و سر انجام راه رفته یا حتی می‌دود یا به روشی برای جابجا شدن دست می‌یابد که سازندگانش برای او متصور نبوده‌اند.\r\n\r\nهر چند نمونه بالا ممکن است کمی آرمانی به نظر برسد، ولی به هیچ عنوان دور از دسترس نیست. دانشمندان عموماً برای تولید چنین ماشین‌هایی از وجود مدل‌های زنده‌ای که در طبیعت وجود به ویژه آدمی نیز سود برده‌اند.\r\n\r\nهوش مصنوعی اکنون در خدمت توسعه علوم رایانه نیز هست. زبان‌های برنامه‌نویسی پیشرفته، که توسعه ابزارهای هوشمند را ممکن ساخته‌اند، پایگاه‌های داده‌ای پیشرفته، موتورهای جستجو، و بسیاری نرم‌افزارها و ماشین‌ها از نتایج پژوهش‌هایی در راستای هوش مصنوعی بوده‌اند.\r\n\r\nاز زبان‌های برنامه‌نویسی هوش مصنوعی می‌توان به لیسپ، پرولوگ، کلیپس و ویپی اکسپرت اشاره کرد.', 15, 'دانیال جمشیدی', '1733942879_images (1).jpg', 'count', '2024-12-11 22:17:16'),
(30, 'انواع کسب‌وکار', 'به‌طور کلی کسب‌وکارها از لحاظ مالکیت شامل کسب‌وکارهای شخصی (انفرادی) و شرکتی می‌شوند. کسب‌وکارهای شخصی کوچک مقیاس اند و متعلق به یک شخص بوده و اغلب به صورت خویش فرما هستند (این بدان معناست که یک نفر مالک و کارفرما است). این نوع کسب‌وکار طیف وسیعی از فعالیت‌های اقتصادی را در برمی گیرند: تعمیرکاران خودرو و لوازم خانگی، بنگاه‌های معاملات ملکی، کشاورزان، صنعتگران خرد و غیره نمونه‌هایی از کسب‌وکارهای شخصی هستند.\r\n\r\nکسب‌وکارهای شرکتی پیچیده‌ترین نوع کسب‌وکارها هستند. شرکت، کسب و کاری است که خودش هویت قانونی دارد (شخصیت حقوقی)؛ به این معنا که قانون با یک شرکت مشابه یک فرد یا انسان رفتار می‌کند. شرکت‌ها حقوق و تعهدات خاصی دارند؛ دقیقاً همانند آنچه که انسان‌ها انجام می‌دهند. برای مثال، یک شرکت می‌تواند دارایی داشته باشد، با دیگر شرکت‌ها یا افراد وارد قرارداد شود و حتی علیه آنها شکایت کند و مورد شکایت قرار بگیرد.\r\n\r\nانواع ساختار کسب و کار\r\nمالکیت یگانه[۱۶](sole proprietorship):\r\nبه‌طور پیش فرض مؤسس یک کسب و کار مالک تمامی آن است و مسئولیت تمامی بدهی‌ها و مالیات‌ها بر عهدهٔ اوست.\r\nشرکت تضامنی[۱۶](general partnership)\r\nاگر سود و زیان کسب و کار در میان عده ای از شرکای تجاری تقسیم شود به آن شرکت تضامنی گفته می‌شود. به‌طور پیش فرض همهٔ شرکا سهم یکسانی در مدیریتِ کسب و کار و سود و ضرر دارند. در صورت زیان سایر دارایی‌های شرکا (که در این تجارت سرمایه‌گذاری نشده است) نیز مورد خطر قرار می‌گیرد.\r\nشرکت سهامی [۱۶](corporation)\r\nنوعی واحد حقوقی است که مدیریت آن توسط هیئت مدیره صورت می‌گیرد. سود داراییِ شرکت را «سهام» می‌نامند و مالکین سهامِ شرکت در صورت زیان بخشی از دارایی‌های سرمایه‌گذاری شدهٔ خود را از دست می‌دهند اما سایر دارایی‌های سهامداران (که در شرکت سرمایه‌گذاری نشده) تهدید نمی‌شود. دو نوع سهام برای این شرکت‌ها عرضه می‌شود\r\nسهامی عام[۱۶](Common Stock): سهامداران عام (بسته به میزان سهام خود) مالک شرکت و سود آن هستند. به صورت پیش فرض سهامداران به ازای هر سهم مالک یک رای برای انتخاب اعضای هیئت مدیره می‌شوند و هیئت مدیره هم مسئول نظارت بر حسن ادارهٔ شرکت است. سود شرکت معمولاً به شکل سود سهام ارائه می‌شود. البته سود سهام در بازار بورس تضمین شده نیست و شرکت ممکن است زیان ده باشد و در این صورت سودی پرداخت نمی‌شود. سهامی عام ممکن است در کلاس‌های مختلفی ارائه شود تا به مالکین شرکت اجازه دهند تا نحوهٔ مدیریت و میزان سرمایه‌گذاری در شرکت را بر حسب نیاز خود مدیریت کنند.\r\nکلاس ۱: ۱ رای در ازای ۱ سهم (حالت پیش فرض)\r\nکلاس ۲:بدون حق رای\r\nکلاس ۳: ۱۰ رای در ازای هر سهم\r\nسهامی خاص[۱۶](Preferred Stock):\r\nاین سهام یک سود معین را همواره پرداخت می‌کند مگر اینکه شرکت زیان ده شود\r\nسهامداران ممتاز نسبت به سهامداران عام برای مالکیت دارایی‌های شرکت در اولویت هستند.\r\nسهامداران عام سود سهام خود را زودتر دریافت می‌کنند.\r\nشرکت مختلط[۱۶] (Limited partnership)\r\nنوعی شرکت است که در آن مدیران شرکت به دودستهٔ شرکای عمومی (General partners) و شرکای محدود (Limited partners) تقسیم می‌شوند. شرکای عمومی مسئولِ مدیریت کسب و کار هستند، در حالی که «شرکای محدود» صرفاً سرمایه گذاران منفعلی هستند که در مدیریت نقش چندانی ندارند. در این مدل از کسب و کار، شرکای عمومی مسئول تمام بدهی‌های تجارت هستند و در صورت نیاز سایر دارایی‌های آن‌ها نیز باید برای جبران زیان صرف شود. در حالی که شرکای محدود فقط سرمایه‌گذاری خود را از دست می‌دهند.\r\nشرکت مسئولیت محدود[۱۶](limited liability company)\r\nنوعی شرکت است که در آن اعضای شرکت مالک آن هستند اما مدیریت شرکت به عهدهٔ یک یا چند مدیر است. در صورت زیان فقط سرمایهٔ اعضا مورد تهدید قرار می‌گیرد و خطری متوجه سایر دارایی‌های آن‌ها نیست.', 16, 'دانیال جمشیدی', '1733943257_poster_6115a039-1d3d-47c8-b3b8-af8b5ad3cc76.jpeg', 'count', '2024-12-11 22:24:17'),
(31, 'قوانین و مقررات کسب و کار', 'مقالهٔ اصلی: حقوق بازرگانی\r\nحقوق بازرگانی آن دسته از قوانین است که بر رویه‌های کسب و کار حاکم بوده و نظام حقوقی قابل اعمال بر فعالیت‌های تجارتی را تعریف و تنظیم می‌کند. در اکثر حوزه‌های قضایی، مجموعه‌ای از قوانین تجاری برای انواع کسب‌وکارها تعریف گردیده است.[۱۷] به عنوان مثال در قانون تجارت ایران، انواع شرکت‌ها تعیین و عمده فعالیت‌های اصلی (ذاتی) تجاری در ۴ نوع دسته‌بندی شده که عبارتند از:[۱۸]\r\n\r\nفعالیت‌های توزیعی: خرید کالا از تولیدکنندگان یا عمده فروشان و فروش آنها.\r\nفعالیت‌های تولیدی: تولید محصولات گوناگون و فروش آنها به عموم.\r\nفعالیت‌های خدماتی: ارائه خدمات.\r\nفعالیت‌های تجاری کمکی: اعمالی که به تجارت‌ها کمک می‌کنند تا کار خود را تسهیل نمایند.', 16, 'دانیال جمشیدی', '1733943346_c9cf2c00-bb29-11ee-ab3e-29150d58b1e1.jpg', 'count', '2024-12-11 22:25:46'),
(32, 'راه اندازی کسب و کار', 'مرحله‌ی اول: یک ایده‌ی خوب پیدا کنید و تحقیق بازار انجام دهید\r\nبدون داشتن یک ایده‌ی خوب نمی‌توانید یک کسب و کار موفق راه اندازی کنید. بینش، استراتژی‌ها و نکاتی که برای پیدا کردن یک ایده‌ی خوب نیاز است را باید بدانید و برای تصمیم گیری در رابطه با ایجاد مزیت رقابتی باید تحقیق بازار انجام دهید. با یک مزیت رقابتی خوب می‌توانید ایده‌ی خود را به یک کسب و کار پرسود و پایدار تبدیل کنید.\r\n\r\nشروع یک کسب و کار مستلزم این است که نقاط قوت خود را شناسایی کنید. ایده‌های تجاری که از نقاط قوت شما استفاده می‌کنند، به شما امکان می‌دهند که برتر باشید. تجربه، مهارت ها و استعدادهای گذشته شما می تواند به شما در شناسایی نقاط قوت کمک کند. هنگامی که نقاط قوت خود را شناسایی کردید، به این فکر کنید که چگونه می توان آنها را در یک تجارت اعمال کرد. به عنوان مثال، اگر شما با دیگران به خوبی ارتباط برقرار می کنید، ممکن است در کسب وکارهای مربوط به روابط عمومی یا بازاریابی موفقتر عمل کنید.\r\n\r\nبرای پیدا کردن ایده‌ی مناسب کسب و کارتان می‌توانید مقاله‌ی بهترین ایده‌های راه اندازی استارتاپ در ایران را مطالعه کنید.\r\n\r\n \r\n\r\nایده را توسعه دهید\r\nدر زمان راه اندازی کسب و کار نیاز است نقاط قوت، نقاط ضعف و علایق خود را در نظر بگیرید. بعد از همه‌ی این‌ها، اساسی‌ترین سوالی که باید از خود بپرسید این است که چرا می‌خواهید کسب و کار راه اندازی کنید؟\r\n\r\nهر ایده فرصتی برای ایجاد کسب و کار ایجاد می‌کند و ایده‌های زیادی وجود دارد ولی همه خوب نیستند و مناسب هر شخصی نیستند.\r\n\r\nتمرکز بر علایق راهی عالی برای ارائه یک ایده تجاری جدید است. اگر کسب‌وکاری را مطابق با چیزی که به آن علاقه دارید راه‌اندازی کنید، به احتمال زیاد از آن لذت خواهید برد و تلاش لازم را برای موفقیت آن انجام می‌دهید. به این فکر کنید که واقعاً به چه چیزی علاقه دارید و چه مهارت‌هایی دارید.\r\n\r\nتحقیق بازار انجام دهید\r\nقبل از اینکه غرق در بیزینس پلن شوید اینکه بازار هدفی که در آن وارد می‌شوید را بشناسید بسیار مهم است. این کار را از طریق تحقیق بازار در بازار هدف و بررسی اطلاعات مشتریان هدف انجام دهید که در نوشتن بیزینس پلن به شما کمک خواهد کرد و باعث می‌شود یک کسب و کار موفق و پایدار ایجاد کنید. رقبای مستقیم شما چه کسانی هستند؟ آیا شخص دیگری وجود دارد که در حال انجام کاری است که شما قصد داشتید انجام دهید؟ اگر خیر، دلیل آن چیست؟\r\n\r\nشرکت ها قبل از معرفی محصولات جدید تحقیقات بازار را انجام می دهند تا جذابیت آنها را برای مشتریان بالقوه تعیین کنند و از ابزارهایی شامل تلفن و پرسشنامه استفاده می کنند. نتایج تحقیقات بازار، طراحی نهایی محصول و نحوه ارائه آن در بازار را مشخص می کند. تحقیقات بازار معمولا  اطلاعات اولیه که مستقیما از مصرف کنندگان جمع آوری می شود و اطلاعات ثانویه که داده های موجود از منابع خارجی است را لحاظ می کند.\r\n\r\nاگر می‌خواهید بیشتر بدانید بهتر است تحقیق بازار چیست و چرا باید انجام شود؟ را مطالعه کنید.\r\n\r\nمرحله دوم: بیزینس پلن بنویسید\r\nیک بیزینس پلن می‌تواند به شفاف شدن ایده‌ی شما و فراهم کردن نقشه‌ی راهی برای چگونگی ساختار، راه اندازی و رشد کسب و کارتان کمک کند. در واقع از بیزینس پلن خود برای متقاعد کردن دیگران جهت سرمایه گذاری در کسب و کارتان، همکاری با شما یا قرض دادن پول استفاده خواهید کرد.\r\n\r\n \r\n\r\nچگونه بیزینس پلن بنویسیم؟\r\nاز آن جایی که ایده‌ی کسب و کارتان را پیدا کرده‌اید و تحقیق بازار هم انجام داده‌اید، وقت آن رسیده که شروع به نوشتن بیزینس پلن کنید. در زمان راه اندازی کسب و کار داشتن بیزینس پلن الزامی نیست، اما به شفاف سازی ایده‌ی شما کمک می‌کند. البته همه‌ی این‌ها برای شروع کافی نیست، شما همچنین باید بدانید چگونه باید کسب و کار را راه اندازی کنید. در واقع، افراد در زمان راه اندازی کسب و کار جدید دچار اشتباهات زیادی می‌شوند و بدون درنظر گرفتن جنبه‌های مهم کسب و کارشان کارها را انجام می‌دهند.\r\n\r\nبرخی از صاحبان کسب و کار بیزینس پلن را به روش سنتی می‌نویسند در حالی که بقیه‌ی کارآفرینان بر روی بیزینس پلن مدرن یک صفحه‌ای کار می‌کنند، مثل بیزینس مدل کانواس که مهم‌ترین اطلاعات کسب و کار را در بر می‌گیرد. بیزینس پلن شما باید اطلاعات مختصر و مفیدی داشته باشد و جنبه‌های مهم کسب و کارتان را در نظر بگیرد.\r\n\r\nاگر زمان کافی برای نوشتن بیزینس پلن ندارید و نمی‌دانید چگونه باید این کار را انجام دهید در مقاله‌ی همه چیز درباره ی نوشتن بیزینس پلن به زبان ساده این روند را به صورت کامل برایتان توضیح داده‌ام.\r\n\r\n \r\n\r\nمرحله سوم: ساختار کسب و کار و مسائل حقوقی آن را تعیین کنید\r\nساختار کسب و کارتان بر روی هر چیزی، از مالیات گرفته تا رویارویی با مشکلات حقوقی تاثیر دارد. باید این فرآیندهای قانونی را برای کم کردن ریسک‌ها و آماده سازی با مسیر پیش رو درک کنید.\r\n\r\n \r\n\r\nامور حقوقی را به وکیل بسپارید\r\nاکثر صاحبان کسب و کار از استخدام وکلا هراس دارند. برخی از این ترس‌ها به هزینه‌های سرسام آور حقوقی و برخی دیگر به ارائه‌ی توصیه‌های حقوقی اشتباه توسط وکلا منتهی می‌شوند. ولی معمولا کسب و کارهای با تجربه امور حقوقی خود را به یک وکیل شایسته می‌سپارند که با مشکلات حقوقی مواجه نشوند.\r\n\r\n \r\n\r\nتعیین ساختار کسب و کار\r\nقبل از اینکه بتوانید شرکت خود را ثبت کنید و قانونی عمل کنید، نیاز است راجع به ساختار حقوقی موجودیت کسب و کار و ثبت شرکت خود تصمیم بگیرید. حتی اگر کسب و کارتان کوچک باشد باید این فرآیندهای اداری و حقوقی را طی کنید چون ساختار حقوقی بر روی تسریع فرآیندها در کسب و کارتان تاثیر دارد. با تعیین ساختار حقوقی کسب و کارتان از هرگونه مسئولیت و مشکلات قانونی در آینده کم خواهید کرد.\r\n\r\nدر همین رابطه بخوانید: با این ۱۵ نکته کسب و کار موفق داشته باشید\r\n\r\n \r\n\r\nانتخاب نام کسب و کار\r\nیکی از چالش برانگیزترین بخش‌های راه اندازی استارتاپ انتخاب نام مناسب برای آن است. نام برند شما مهم‌ترین عنصر تعیین کننده‌ی هویت شرکت است. باید به گونه‌ای باشد که مشتریان به راحتی شما را تشخیص بدهند آن را به یاد داشته باشند. نام کسب و کارتان بخشی از هویت برند شما است و بر روی طراحی لوگو و هویت بصری نیز تاثیر دارد.\r\n\r\nبنابر این، تصمیمی نیست که به راحتی گرفته شود. به یاد داشته باشید که قبل از انتخاب نام ثبت بودن یا نبودن آن را بررسی کنید. نحوه‌ی استعلام نام‌های ثبت شده و نحوه‌ی انتخاب آن را در راهنمای کامل انتخاب نام برای شرکت توضیح داده‌ام.\r\n\r\n \r\n\r\nانتخاب لوگو\r\nهر کسی برداشت خود را از لوگوی ایده‌آل دارد. زمانی که آن را انتخاب می‌کنید باید عناصر لازمی که لوگوی کسب و کارتان نیاز دارد را در نظر بگیرید همچنین باید با هویت برند و پرسونای مخاطب شما سازگار باشد.\r\n\r\n \r\n\r\nساخت وبسایت\r\nسایت شرکت یکی از مهم‌ترین عناصر معرفی شما و بخشی ضروری از بازاریابی و استراتژی برندینگ شما است. بر اساس تحقیقی که اخیرا انجام شده است ۹۷ درصد از مشتریان قبل از خرید هر چیزی تحقیقات خود را به صورت آنلاین بر روی سایت شرکت انجام می‌دهند.\r\n\r\nیک وب سایت عالی کسب و کار شما را تقویت می کند، اعتماد ایجاد می کند و به مشتریان احتمالی شما اطمینان می دهد که قدم بعدی را با شما بردارند و در تصمیم خود برای خرید از شما شک نکنند. بدون حضور آنلاین، کسب و کار شما به سادگی این فرصت بزرگ را از دست می دهد.\r\n\r\nفعالیت در فضای آنلاین\r\nامروزه حضور فعال در فضای آنلاین می‌تواند به معرفی و برندینگ کسب و کارتان کمک کند پس باید دست به کار شوید و به فکر راه اندازی سایت و فعالیت در شبکه‌های اجتماعی باشید چون در غیراین صورت رقبایتان از شما پیشی خواهند گرفت. برای فعالیت آنلاین از بهترین ابزارهای دیجیتال مارکتینگ استفاده کنید.\r\n\r\n \r\n\r\nمرحله چهارم: حسابداری، موقعیت مکانی و مسائل مالی کسب و کار را مشخص کنید\r\nمسائل مالی کسب و کار\r\n\r\nبدون ارزیابی مسائل مهم مالی نمی‌توانید کسب و کار راه اندازی کنید پیش بینی مالی و برنامه ریزی می‌تواند شما را برای ساخت کسب و کاری قوی و پرسود توانمند کند. دیدگاه، استراتژی و نکاتی را برای انجام این کار را در ادامه با شما به اشتراک گذاشته‌ام.\r\n\r\n \r\n\r\nارزیابی مسائل مالی\r\nقبل از اینکه شروع کنید نیاز است با دقت به مسائل مالی خود نگاهی بیندازید. سرمایه بنیان راه اندازی کسب و کار موفق است. هزینه‌های راه اندازی استارتاپ شما بستگی به نوع کسب و کارتان و برنامه‌ریزی انجام شده برای شروع دارد ولی روش‌های برای کاهش هزینه‌های راه اندازی استارتاپ وجود دارد.\r\n\r\nبسیاری از استارت‌آپ‌ها شکست می‌خورند زیرا قبل از کسب سود، پولشان تمام می‌شود. هرگز ایده بدی نیست که میزان سرمایه اولیه مورد نیاز خود را بیش از حد تخمین بزنید، زیرا ممکن است رسیدن کسب و کار شما به درآمد پایدار زمانبرتر از آنچه فکر می کنید باشد.\r\n\r\nمدیریت حسابداری کسب و کار\r\nبرای پیگیری مسائل مالی نیاز است که یک سیستم حسابداری مناسب در اختیار داشته باشید. برای اینکه میزان نقدینگی کسب و کارتان را متوجه شوید و میزان مالیات پرداختی خود را محاسبه کنید داشتن سیستم حسابداری قوی بسیار مهم است. سیستم حسابداری شامل درآمد، هزینه‌ها، هزینه‌های راه اندازی و میزان سود است.\r\n\r\n \r\n\r\nراه اندازی حساب بانکی\r\nدر زمان راه اندازی کسب و کار برای افتتاح حساب بانکی اطمینان حاصل کنید که بانک شما قابل اعتماد است. همچنین برای تسریع فرآیندهای مالی شرکت بهتر است از سرعت بالای انجام فرآیندهای بانکی بانک مورد نظر اطمینان حاصل کنید.\r\n\r\n \r\n\r\nموقعیت مکانی\r\nاگر قصد راه اندازی کسب و کار فیزیکی دارید موقعیت مکانی آن بسیار مهم است. مثلا اینکه موقعیتتان جایی باشد که مشتریان بتوانند به راحتی دسترسی داشته باشند و بتوانید مشتری‌های گذری در خیابان هم به دست آورید. پارکینگ، راحت بودن دسترسی، فضای دفترکار و … هم به خاطر داشته باشید.\r\n\r\nدر همین رابطه بخوانید: مراحل راه اندازی کسب و کار مجازی از ایده تا اجرا چیست؟\r\n\r\n \r\n\r\nمرحله پنجم: سرمایه کسب و کار را تامین کنید\r\nاگر نمی‌توانید خودتان سرمایه‌ی کسب و کارتان را تامین کنید، جایگزین‌های زیادی وجود دارد که شامل وام، تامین مالی جمعی، سرمایه گذاران و … می‌شود. با من همراه باشید تا با نحوه‌ی تامین برای سرمایه کسب و کارتان آشنا شوید.\r\n\r\n \r\n\r\nپیدا کردن سرمایه گذار\r\nدر شرایط مناسب ما می‌توانیم بدون هیچ کمک خارجی خودمان سرمایه‌ی کسب و کارمان را تامین کنیم. اما حقیقت این است که اکثر افراد نمی‌توانند به تنهایی این کار را انجام دهند. بنابراین می‌توانید از سرمایه گذاران استفاده کنید که تا زمان رشد کسب و کارتان در کنارتان باشند.\r\n\r\n \r\n\r\nتامین سرمایه کسب و کار\r\nبرخی از صاحبان کسب و کار نمی‌خواهند به سرمایه گذاران رو بیاورند و علاقه‌ای به سرمایه گذاران خطرپذیر ندارد. به جای آن، آن‌ها می‌خواهند راه‌های دیگری برای سرمایه گذاری بر کسب وکارشان پیدا کنند. پس می‌توان از وام‌های بانکی استفاده کرد یا از اقوام و دوستان این سرمایه را تامین کنند.\r\n\r\nبرای پیدا کردن بهترین روش تامین سرمایه کسب و کارتان می‌توانید به مقاله‌ی بهترین روش‌های تامین سرمایه‌ی استارتاپ مراجعه کنید.\r\n\r\n \r\n\r\nمرحله ششم: تیم، شرکای تجاری و تامین کننده خوب پیدا کنید\r\nراه اندازی کسب و کاری موفق به تنهایی کاری غیرممکن است. شما در طول مسیر به کمک بقیه‌ی افراد و تیم خود نیاز خواهید داشت.\r\n\r\n \r\n\r\nپیدا کردن شرکای تجاری\r\nیکی از بزرگترین چالش‌ها برای هر کسب و کار جدید ذخیره‌ی سرمایه کافی جهت تقویت و رشد کسب و کار است. در این جا است که شرکای تجاری می‌توانند تفاوت ایجاد کنند. اگر سرمایه‌ی خود را برای راه اندازی کسب و کارتان از دست داده‌اید و بودجه‌ی کافی جهت بازاریابی و تبلیغات ندارید پس بهتر است به دنبال یک شریک تجاری باشید.\r\n\r\n \r\n\r\nانتخاب تامین کنندگان\r\nفروشندگان و تامین کنندگان برای هر کسب و کاری ضروری هستند. بدون تهیه‌ی مواد اولیه‌ی محصولی که می‌سازید یا بدون تامین محصولی که می‌فروشید نخواهید توانست کسب و کارتان را موفق کنید.\r\n\r\n \r\n\r\nتیم سازی\r\nنحوه ی تیم سازی\r\n\r\nزمان‌هایی وجود دارد که کارآفرین احساس می‌کند تمام کارها را تنهایی به دوش می‌کشد. بنابراین در ابتدای راه اندازی کسب و کار فرصت خوبی است که یک تیم مناسب برای توسعه کسب و کار خود پیدا کنید.\r\n\r\nدر همین رابطه بخوانید: ۶ چالش اصلی استارتاپ ها در ایران چیست؟\r\n\r\n \r\n\r\nمرحله هفتم: کسب و کار را راه اندازی کنید و به دنبال توسعه‌ی آن باشید\r\nدر این مرحله شما آماده‌ی راه اندازی، رشد و بازاریابی کسب و کارتان به مشتریان بالقوه و مخاطب هدفتان هستید. در ادامه نکاتی راجع به ایجاد برنامه فروش، چگونگی رشد کسب و کار،ایجاد توازن میان خانواده و کار و ارتباط با مشتریان گفته‌ام.\r\n\r\n \r\n\r\nبرنامه ریزی برای فروش\r\nزمانی که آماده‌ی راه اندازی کسب و کارتان هستید قدرت برنامه ریزی را فراموش نکنید. یک برنامه‌ی منسجم و پایدار جهت بازاریابی محصولات و سرویس‌های خود به مشتریان هدف طراحی کنید. برای این کار باید استراتژی بازاریابی طراحی کنید که می‌توانید برای یادگیری آن بهترین روش تدوین استراتژی بازاریابی چیست؟ را مطالعه کنید.\r\n\r\n \r\n\r\nرشد کسب و کار\r\nکسب و کارتان آماده‌ی شروع فعالیت است و قرار است طبق بیزینس پلن و ساختار کسب و کارتان پیش بروید. همچنین تیمی یکپارچه در پشت صحنه‌ی کسب و کارتان کار می‌کند. پس وقت آن رسیده که کسب و کارتان را به مشتریان بالقوه خود معرفی کنید و بازاریابی انجام دهید. برای بازاریابی محصولات ابتدا صفر تا صد بازاریابی دیجیتال و سنتی را یاد بگیرید.\r\n\r\n \r\n\r\nتوازن زندگی شخصی و کاری\r\nبسیاری از صاحبان کسب و کارهای جدید در ابتدا نمی‌توانند میان زندگی شخصی و کاری خود توازن برقرار کنند. راه اندازی کسب و کار به مراتب برای پدر و مادری که فرزند دارد سخت‌تر است. برای این کار بهتر است در مواقعی که کسب و کارتان با چالشی روبرو نیست آخر هفته را به خانواده‌ی خود اختصاص دهید. همچنین اگر زمانی برای رسیدگی به فرزندتان ندارید پرستار استخدام کنید.\r\n\r\n \r\n\r\nارتباط با مشتریان\r\nارتباط با مشتریان\r\n\r\nبرای اینکه بتوانید مشتریان خود را به مشتریان وفادار تبدیل کنید و برند خود را به برندی دوست داشتنی در ذهن مشتریان تعریف کنید باید همیشه در دسترس باشید و در صورتی که مشتری با مشکلی در رابطه با محصولات و سرویس‌های شما مواجه شد به سرعت آن را رفع کنید. پس ایجاد یک کانال ارتباطی سریع بسیار اهمیت دارد که یکی از راه‌های ارتباطی سریع ارتباط تلفنی است.\r\n\r\nبرای پاسخگویی سریع و حرفه‌ای به مشتریان نیاز است که مرکز تماس راه اندازی کنید و چون نیاز به خرید تجهیزات و استخدام نیرو دارد هزینه‌ی هنگفتی به کسب و کارتان تحمیل خواهد شد. به همین دلیل برون سپاری مرکز تماس راهکار مناسبی است.', 16, 'دانیال جمشیدی', '1733943938_images (3).jpg', 'count', '2024-12-11 22:35:38'),
(33, 'انواع کسب و کار', 'اگر شما هم سرمایه کمی را در اختیار دارید، اما می خواهید کسب و کاری برای خود ایجاد کنید، نگران نباشید؛ زیرا این کار به سادگی و حتی در خانه از طریق اینترنت امکان پذیر است. برای شروع تنها باید تخصص خود را بشناسید و فعالیت های متناسب با آن را آغاز کنید.\r\n\r\n۱. تولید محتوای مناسب و درجه یک\r\nبدون شک بهترین ایده کسب و کار با سرمایه کم تولید محتوا می باشد. امروزه با افزایش اهمیت و جایگاه شبکه های اینترنتی، نیاز مشاغل به یک محتوای با کیفیت برای بلاگ، تبلیغات و… روز به روز افزایش پیدا کرده است؛ بنابراین شما بدون سرمایه اولیه و تنها با یک کامپیوتر و اینترنت می توانید کسب درآمد کنید.\r\n\r\n۲. مدیریت شبکه های اجتماعی\r\nبدون شک همه از اهمیت زیاد شبکه های اجتماعی در رشد کسب و کارها خبر دارند. تعامل و ارتباط با مشتری هنری است که در صورت درست انجام شدن می تواند به راحتی فروش و ارتقا برند را چند برابر کند؛ بنابراین امروزه شرکت ها هزینه زیادی برای فردی آگاه به پلتفرم های اجتماعی مختلف با توانایی ارتباط بالا می پردازند.اگر می دانید چگونه ادمین اینستاگرام شویم و تایم کافی برای آن دارید، پیشنهاد می شود حتما به این کار را در لیست خود قرار دهید.\r\n\r\n۳. مشاور سئو\r\nامروزه با افزایش سایت ها در اینترنت، هر شرکت و کسب و کاری نیاز به سئو و بهینه سازی وبسایت خود برای موتورهای جست و جوی گوگل دارد تا بیشتر دیده شود. بنابراین امروزه افراد زیادی به دنبال این که چگونه سئو کار شویم هستند؛ اگر شما هم در این زمینه اطلاعات لازم را دارید، دادن مشاوره سئو به شرکت ها، یک ایده کسب و کار با سرمایه کم عالی برای شماست.\r\n\r\n۴. سرمایه گذاری در ارزهای دیجیتال\r\nسرمایه گذاری در ارزهای دیجیتال جزو 3 کسب و کار پردرآمد در ایران است. برای شروع این کار در ابتدا باید آموزش های لازم این حوزه را دریافت کنید و بعد نیاز به یک کیف پول دیجیتال، اینترنت پرسرعت،  فیلترشکن با IP ثابت، موبایل یا کامپیوتر و زمان برای بررسی و تحلیل روند بازار دارید. به طور کلی سرمایه گذاری در ارزهای دیجیتال به روش های زیر انجام می شود:\r\n\r\nهولد کردن: نگهداری یک ارز در کیف پول و فروش آن با بالا رفتن ارزش آن\r\nاستیکینگ: سپرده گذاری ارزهای دیجیتال\r\nانجام بازی های بلاک چین: دریافت دستمزد با انجام بازی هایی مثل دیسنترا لند (Decentraland)، اکسی اینفینیتی (Axie Infinity)، سندباکس (Sandbox) و سکندلایف (Second Life)\r\nترید کردن: انجام معاملات کوتاه مدت در صرافی هایی با حجم معاملات بالا\r\nفعالیت در متاورس: خرید خانه، فروش، اجاره دادن، طراحی و انجام بازی و کارهایی این چنینی در جهان مجازی یا متاورس\r\nساخت، خرید و فروش NFT: دریافت و فروش توکن های انحصاری و محدود مخصوص آثار هنری جذاب\r\n۵. بازار بورس\r\nاگر دنبال ایده کسب و کار با سرمایه کم اما درآمد بالا هستید، سرمایه گذاری در بازار بورس ایران یکی از بهترین انتخاب ها برای شماست. برای شروع این کار تنها نیاز به ۵۰۰ هزار تومان دارید تا روی سهام شرکت های مختلف سرمایه گذاری بلند مدت کنید.\r\n\r\n۶. بازار فارکس\r\nاگر شما هم به دنبال شروع یک کار با سرمایه کم اما درآمد دلاری هستید، بازار فارکس بهترین گزینه برای شماست. در این کار شما باید به خوبی با بازارهای مالی بین المللی آشنا بوده و قدرت تحلیل بالایی داشته باشید؛ در این صورت می توانید به راحتی از رشد صعودی و نزولی بازار درآمد کسب کنید.\r\n\r\n۷. همکاری در فروش (افیلیت مارکتینگ)\r\nاگر خود شما محصولی برای فروش ندارید، می توانید با کمک افیلیت مارکتینگ، نقش یک واسطه را میان فروشنده و خریدار داشته باشید و آنها را در سایت و شبکه های اجتماعی خود بفروشید. برای این کار شناخت بهترین سایت های همکاری در فروش ایران به شما کمک می کند تا از سود بالاتری بهره ببرید.\r\n\r\n۸. مشاوره اینترنتی\r\nهر فرد و کسب و کاری برای موفقیت بیشتر خود نیاز دارد تا از یک فرد متخصص مشورت بگیرد. اگر شما هم مهارت خاصی دارید، می توانید با ثبت نام در سایت های مربوط به مشاوره و تعیین نرخ تماس دقیقه ای، از تخصص خود پول در بیاورید.\r\n\r\n۹. دستیار مجازی\r\nهمه کسب و کارها نیاز به یک فردی دارند تا با نظم و دقت بالا، مسائل مربوط به مشتریان را بررسی و پیگیری کند. همچنین شما می توانید با ثبت نام در سرویس هایی مانند دستیار مجازی پونیشا، یک پروفایل برای خود ایجاد کرده و مهارت هایتان را بنویسید تا افراد با توجه به نیاز های خود با شما ارتباط برقرار کنند.\r\n\r\n۱۰. معلم خصوصی و آموزش مجازی\r\nیک ایده کسب درآمد با سرمایه کم، آموزش مجازی دانش آموزانی است که به خوبی درس را در کلاس یاد گرفته اند. برای شروع این کار تنها باید مهارت های لازم مانند توانایی ارتباط با نوجوانان، تسلط بر دروس، آموزش به زبانی ساده، صبوری و تحمل بالا و… را داشته باشید.\r\n\r\n۱۱. فروش اینترنتی محصولاتتان\r\nامروزه یکی از راه های کسب درآمد با سرمایه کم، فروش محصولات به صورت اینترنتی در شبکه های اجتماعی مختلف مانند اینستاگرام، تلگرام، سایت و… است.\r\n\r\n۱۲. فعالیت در یوتوب\r\nیوتیوب یکی از شبکه های اجتماعی محبوب است که شما می توانید با درست کردن ویدئوهایی با کیفیت و قابل قبول در این پلتفرم، به ازای هر بازدید، لایک و تبلیغ، درآمدی دلاری دریافت کنید. برای شروع این کار تنها نیاز به یک دوربین، آشنایی اندک با ادیت و تدوین ویدئو و مقداری خلاقیت دارید.\r\n\r\n۱۳. ساخت تبلیغات\r\nتبلیغات یکی از موارد مهم برای پیشرفت و دیده شدن کسب و کارها است؛ بنابراین اگر خلاقیت بالایی دارید می توانید به یک غول بزرگ در این حوزه تبدیل شوید.\r\n\r\n۱۴. فروش لوازم دست دوم\r\nیکی از راه های کسب درآمد با سرمایه کم، فروش لوازم دست دومی است که دیگر نیاز به آنها ندارید. برای این کار تنها لازم است عکس آنها را گرفته و در پلتفرم هایی مانند دیوار، شیپور و… قرار دهید.\r\n\r\nکسب و کار با سرمایه کم در خانه (ایده کسب و کار خانگی)', 16, 'دانیال جمشیدی', '1733944426_business-2.png', 'count', '2024-12-11 22:43:46');

-- --------------------------------------------------------

--
-- Table structure for table `posts_slider`
--

CREATE TABLE `posts_slider` (
  `id` int(11) NOT NULL,
  `post_id` int(11) NOT NULL,
  `active` tinyint(1) NOT NULL,
  `count` varchar(255) NOT NULL DEFAULT 'count',
  `time` datetime NOT NULL DEFAULT current_timestamp()
) ENGINE=InnoDB DEFAULT CHARSET=utf8mb4 COLLATE=utf8mb4_unicode_ci;

--
-- Dumping data for table `posts_slider`
--

INSERT INTO `posts_slider` (`id`, `post_id`, `active`, `count`, `time`) VALUES
(5, 23, 0, 'count', '2024-12-11 22:02:23'),
(6, 22, 0, 'count', '2024-12-11 22:03:22'),
(8, 26, 1, 'count', '2024-12-11 22:10:46');

-- --------------------------------------------------------

--
-- Table structure for table `registers`
--

CREATE TABLE `registers` (
  `id` int(255) NOT NULL,
  `fname` varchar(50) NOT NULL DEFAULT 'خالی می باشد',
  `lname` varchar(50) NOT NULL DEFAULT 'خالی می باشد',
  `username` varchar(50) NOT NULL DEFAULT 'خالی می باشد',
  `email` varchar(50) NOT NULL DEFAULT 'خالی می باشد',
  `password` varchar(100) NOT NULL DEFAULT 'خالی می باشد',
  `img` varchar(255) NOT NULL,
  `alt` varchar(255) NOT NULL DEFAULT 'img',
  `date` datetime NOT NULL DEFAULT current_timestamp(),
  `count` varchar(255) NOT NULL DEFAULT 'count',
  `time` datetime NOT NULL DEFAULT current_timestamp()
) ENGINE=InnoDB DEFAULT CHARSET=utf8mb4 COLLATE=utf8mb4_unicode_ci;

-- --------------------------------------------------------

--
-- Table structure for table `settings`
--

CREATE TABLE `settings` (
  `id` int(255) NOT NULL,
  `title_navbar` varchar(255) NOT NULL,
  `description_about` varchar(255) NOT NULL,
  `title_footer` varchar(255) NOT NULL
) ENGINE=InnoDB DEFAULT CHARSET=utf8mb4 COLLATE=utf8mb4_unicode_ci;

--
-- Dumping data for table `settings`
--

INSERT INTO `settings` (`id`, `title_navbar`, `description_about`, `title_footer`) VALUES
(1, 'WEB POSTS', 'لازم به ذکر است که سایت ما از 9:00 صبح تا 10:00 شب فعال می باشد ! با تشکر مدیریت سایت 🙏', 'کلیه حقوق محتوا این سایت متعلق به وب سایت WEB POSTS میباشد . ');

-- --------------------------------------------------------

--
-- Table structure for table `subscribers`
--

CREATE TABLE `subscribers` (
  `id` int(11) NOT NULL,
  `name` varchar(255) NOT NULL,
  `email` varchar(255) NOT NULL,
  `count` varchar(255) NOT NULL DEFAULT 'count',
  `time` datetime NOT NULL DEFAULT current_timestamp()
) ENGINE=InnoDB DEFAULT CHARSET=utf8mb4 COLLATE=utf8mb4_unicode_ci;

--
-- Dumping data for table `subscribers`
--

INSERT INTO `subscribers` (`id`, `name`, `email`, `count`, `time`) VALUES
(1, 'سارا', 'sara@gmail.com', 'count', '2024-10-26 22:15:58'),
(2, 'نیما', 'nima@gmail.com', 'count', '2024-10-26 22:15:58'),
(3, 'علی', 'ali@gmail.com', 'count', '2024-10-26 22:15:58');

-- --------------------------------------------------------

--
-- Table structure for table `users`
--

CREATE TABLE `users` (
  `id` int(11) NOT NULL,
  `email` varchar(255) NOT NULL,
  `password` varchar(255) NOT NULL,
  `count` varchar(255) NOT NULL DEFAULT 'count',
  `time` datetime NOT NULL DEFAULT current_timestamp()
) ENGINE=InnoDB DEFAULT CHARSET=utf8mb4 COLLATE=utf8mb4_unicode_ci;

--
-- Dumping data for table `users`
--

INSERT INTO `users` (`id`, `email`, `password`, `count`, `time`) VALUES
(1, 'lainadjamshidi8877@gmail.com', 'danial889977-=8', 'count', '2024-10-26 22:16:09');

--
-- Indexes for dumped tables
--

--
-- Indexes for table `categories`
--
ALTER TABLE `categories`
  ADD PRIMARY KEY (`id`);

--
-- Indexes for table `comments`
--
ALTER TABLE `comments`
  ADD PRIMARY KEY (`id`),
  ADD KEY `post_id` (`post_id`);

--
-- Indexes for table `die`
--
ALTER TABLE `die`
  ADD PRIMARY KEY (`id`);

--
-- Indexes for table `logs`
--
ALTER TABLE `logs`
  ADD PRIMARY KEY (`id`);

--
-- Indexes for table `posts`
--
ALTER TABLE `posts`
  ADD PRIMARY KEY (`id`),
  ADD KEY `category_id` (`category_id`);

--
-- Indexes for table `posts_slider`
--
ALTER TABLE `posts_slider`
  ADD PRIMARY KEY (`id`),
  ADD KEY `post_id` (`post_id`);

--
-- Indexes for table `registers`
--
ALTER TABLE `registers`
  ADD PRIMARY KEY (`id`) USING BTREE;

--
-- Indexes for table `settings`
--
ALTER TABLE `settings`
  ADD PRIMARY KEY (`id`);

--
-- Indexes for table `subscribers`
--
ALTER TABLE `subscribers`
  ADD PRIMARY KEY (`id`);

--
-- Indexes for table `users`
--
ALTER TABLE `users`
  ADD PRIMARY KEY (`id`);

--
-- AUTO_INCREMENT for dumped tables
--

--
-- AUTO_INCREMENT for table `categories`
--
ALTER TABLE `categories`
  MODIFY `id` int(11) NOT NULL AUTO_INCREMENT, AUTO_INCREMENT=17;

--
-- AUTO_INCREMENT for table `comments`
--
ALTER TABLE `comments`
  MODIFY `id` int(11) NOT NULL AUTO_INCREMENT, AUTO_INCREMENT=25;

--
-- AUTO_INCREMENT for table `die`
--
ALTER TABLE `die`
  MODIFY `id` int(255) NOT NULL AUTO_INCREMENT, AUTO_INCREMENT=3;

--
-- AUTO_INCREMENT for table `logs`
--
ALTER TABLE `logs`
  MODIFY `id` int(255) NOT NULL AUTO_INCREMENT, AUTO_INCREMENT=58;

--
-- AUTO_INCREMENT for table `posts`
--
ALTER TABLE `posts`
  MODIFY `id` int(11) NOT NULL AUTO_INCREMENT, AUTO_INCREMENT=34;

--
-- AUTO_INCREMENT for table `posts_slider`
--
ALTER TABLE `posts_slider`
  MODIFY `id` int(11) NOT NULL AUTO_INCREMENT, AUTO_INCREMENT=9;

--
-- AUTO_INCREMENT for table `registers`
--
ALTER TABLE `registers`
  MODIFY `id` int(255) NOT NULL AUTO_INCREMENT, AUTO_INCREMENT=47;

--
-- AUTO_INCREMENT for table `settings`
--
ALTER TABLE `settings`
  MODIFY `id` int(255) NOT NULL AUTO_INCREMENT, AUTO_INCREMENT=2;

--
-- AUTO_INCREMENT for table `subscribers`
--
ALTER TABLE `subscribers`
  MODIFY `id` int(11) NOT NULL AUTO_INCREMENT, AUTO_INCREMENT=10;

--
-- AUTO_INCREMENT for table `users`
--
ALTER TABLE `users`
  MODIFY `id` int(11) NOT NULL AUTO_INCREMENT, AUTO_INCREMENT=3;

--
-- Constraints for dumped tables
--

--
-- Constraints for table `comments`
--
ALTER TABLE `comments`
  ADD CONSTRAINT `comments_ibfk_1` FOREIGN KEY (`post_id`) REFERENCES `posts` (`id`) ON DELETE CASCADE ON UPDATE CASCADE;

--
-- Constraints for table `posts`
--
ALTER TABLE `posts`
  ADD CONSTRAINT `posts_ibfk_1` FOREIGN KEY (`category_id`) REFERENCES `categories` (`id`) ON DELETE CASCADE ON UPDATE CASCADE;

--
-- Constraints for table `posts_slider`
--
ALTER TABLE `posts_slider`
  ADD CONSTRAINT `posts_slider_ibfk_1` FOREIGN KEY (`post_id`) REFERENCES `posts` (`id`) ON DELETE CASCADE ON UPDATE CASCADE;
COMMIT;

/*!40101 SET CHARACTER_SET_CLIENT=@OLD_CHARACTER_SET_CLIENT */;
/*!40101 SET CHARACTER_SET_RESULTS=@OLD_CHARACTER_SET_RESULTS */;
/*!40101 SET COLLATION_CONNECTION=@OLD_COLLATION_CONNECTION */;
